admin@example.com,abcdef
admin0@example.com,abcdef
admin1@example.com,abcdef
admin2@example.com,abcdef
admin3@example.com,abcdef
admin4@example.com,abcdef
admin5@example.com,abcdef
admin6@example.com,abcdef
admin7@example.com,abcdef
admin8@example.com,abcdef
admin9@example.com,abcdef
admin10@example.com,abcdef
admin11@example.com,abcdef
admin12@example.com,abcdef
admin13@example.com,abcdef
admin14@example.com,abcdef
admin15@example.com,abcdef
admin16@example.com,abcdef
admin17@example.com,abcdef
admin18@example.com,abcdef
admin19@example.com,abcdef
admin20@example.com,abcdef
admin21@example.com,abcdef
admin22@example.com,abcdef
admin23@example.com,abcdef
admin24@example.com,abcdef
admin25@example.com,abcdef
admin26@example.com,abcdef
admin27@example.com,abcdef
admin28@example.com,abcdef
admin29@example.com,abcdef
admin30@example.com,abcdef
admin31@example.com,abcdef
admin32@example.com,abcdef
admin33@example.com,abcdef
admin34@example.com,abcdef
admin35@example.com,abcdef
admin36@example.com,abcdef
admin37@example.com,abcdef
admin38@example.com,abcdef
admin39@example.com,abcdef
admin40@example.com,abcdef
admin41@example.com,abcdef
admin42@example.com,abcdef
admin43@example.com,abcdef
admin44@example.com,abcdef
admin45@example.com,abcdef
admin46@example.com,abcdef
admin47@example.com,abcdef
admin48@example.com,abcdef
admin49@example.com,abcdef
admin50@example.com,abcdef
admin51@example.com,abcdef
admin52@example.com,abcdef
admin53@example.com,abcdef
admin54@example.com,abcdef
admin55@example.com,abcdef
admin56@example.com,abcdef
admin57@example.com,abcdef
admin58@example.com,abcdef
admin59@example.com,abcdef
admin60@example.com,abcdef
admin61@example.com,abcdef
admin62@example.com,abcdef
admin63@example.com,abcdef
admin64@example.com,abcdef
admin65@example.com,abcdef
admin66@example.com,abcdef
admin67@example.com,abcdef
admin68@example.com,abcdef
admin69@example.com,abcdef
admin70@example.com,abcdef
admin71@example.com,abcdef
admin72@example.com,abcdef
admin73@example.com,abcdef
admin74@example.com,abcdef
admin75@example.com,abcdef
admin76@example.com,abcdef
admin77@example.com,abcdef
admin78@example.com,abcdef
admin79@example.com,abcdef
admin80@example.com,abcdef
admin81@example.com,abcdef
admin82@example.com,abcdef
admin83@example.com,abcdef
admin84@example.com,abcdef
admin85@example.com,abcdef
admin86@example.com,abcdef
admin87@example.com,abcdef
admin88@example.com,abcdef
admin89@example.com,abcdef
admin90@example.com,abcdef
admin91@example.com,abcdef
admin92@example.com,abcdef
admin93@example.com,abcdef
admin94@example.com,abcdef
admin95@example.com,abcdef
admin96@example.com,abcdef
admin97@example.com,abcdef
admin98@example.com,abcdef
admin99@example.com,abcdef